{"Logistic Regression": 0.9348484848484848, "Random Forest": 0.996969696969697, "SVM_RBF": 0.9878787878787879, "Decision Tree": 0.990909090909091, "Gradient Boosting": 0.9954545454545455, "KNN_Euclidean": 0.9681818181818181, "Naive Bayes": 0.9954545454545455, "Linear Discriminant Analysis": 0.9666666666666667, "AdaBoost": 0.17424242424242425, "MLP Neural Network": 0.9803030303030303}