{"Logistic Regression": 0.9318181818181818, "Random Forest": 0.9954545454545455, "SVM_RBF": 0.9818181818181818, "Decision Tree": 0.9803030303030303, "Gradient Boosting": 0.9863636363636363, "KNN_Euclidean": 0.9606060606060606, "Naive Bayes": 0.9939393939393939, "Linear Discriminant Analysis": 0.9636363636363636, "AdaBoost": 0.21212121212121213, "MLP Neural Network": 0.9803030303030303}